WT residue type,chain ID,Residue #,G,A,V,L,I,M,F,W,P,S,T,C,Y,N,Q,D,E,K,R,H
W,B,91,0.0285,0.0285,-0.0001,0.0,0.0285,0.0,0.0,0.0,0.0,0.0,0.0,0.0,-0.00024,-0.0001,0.0,0.0285,0.0285,0.0,0.0,0.0
P,B,92,0.0,0.0,0.0,0.0,0.0,0.0,0.0,0.0,0.0,0.0,0.0,0.0,0.0,0.0,0.0,0.0,0.0,0.0,0.0,0.0
L,B,93,0.00024,0.00049,0.00025,0.0,1e-05,0.0,0.0,-0.00024,0.00049,0.0,-0.0,0.0,-0.00024,0.00049,0.00049,0.0,0.00024,0.0,0.00073,0.0
S,B,94,0.0,0.0,0.0,0.0,0.0,0.0,0.0,0.0,0.0,0.0,0.0,0.0,0.0,0.0,0.0,0.0,0.0,0.0,0.0,0.0
S,B,95,0.0,0.0,0.0,0.0,0.0,0.0,0.0,0.0,0.0,0.0,0.0,0.0,0.0,0.0,0.0,0.0,0.0,0.0,0.0,0.0
S,B,96,0.0,0.0,0.0,0.0,0.0,0.0,0.0,0.0,0.0,0.0,0.0,0.0,0.0,0.0,0.0,0.0,0.0,0.0,0.0,0.0
V,B,97,0.0,0.0,0.0,0.0,0.0,0.0,0.0,0.0,0.0,0.0,0.0,0.0,0.0,0.0,0.0,0.0,0.0,0.0,0.0,0.0
P,B,98,0.0,0.0,0.0,0.0,0.0,0.0,0.0,0.0,0.0,0.0,0.0,0.0,0.0,0.0,0.0,0.0,0.0,0.0,0.0,0.0
S,B,99,0.0,0.0,0.0,0.0,0.0,0.0,0.0,0.0,0.0,0.0,0.0,0.0,0.0,0.0,0.0,0.0,0.0,0.0,0.0,0.0
Q,B,100,0.0,0.0,0.0,0.0,0.0,0.0,0.0,0.0,0.0,0.0,0.0,0.0,0.0,0.0,0.0,0.0,0.0,0.0,0.0,0.0
K,B,101,0.0,0.0,0.0,0.0,0.0,0.0,0.0,0.0,0.0,0.0,0.0,0.0,0.0,0.0,0.0,0.0,0.0,0.0,0.0,0.0
T,B,102,0.0,0.0,0.0,0.0,0.0,0.0,0.0,0.0,0.0,0.0,0.0,0.0,0.0,0.0,0.0,0.0,0.0,0.0,0.0,0.0
Y,B,103,0.0,0.0,0.0,0.0,0.0,0.0,0.0,0.0,0.0,0.0,0.0,0.0,0.0,0.0,0.0,0.0,0.0,0.0,0.0,0.0
Q,B,104,0.0,0.0,0.0,0.0,0.0,0.0,0.0,0.0,0.0,0.0,0.0,0.0,0.0,0.0,0.0,0.0,0.0,0.0,0.0,0.0
G,B,105,0.0,0.0,0.0,0.0,0.0,0.0,0.0,0.0,0.0,0.0,0.0,0.0,0.0,0.0,0.0,0.0,0.0,0.0,0.0,0.0
S,B,106,0.0,0.0,0.0,0.0,0.0,0.0,0.0,0.0,0.0,0.0,0.0,0.0,0.0,0.0,0.0,0.0,0.0,0.0,0.0,0.0
Y,B,107,0.0,0.0,0.0,0.0,0.0,0.0,0.0,0.0,0.0,0.0,0.0,0.0,0.0,0.0,0.0,0.0,0.0,0.0,0.0,0.0
G,B,108,0.0,0.0,0.0,0.0,0.0,0.0,0.0,0.0,0.0,0.0,0.0,0.0,0.0,0.0,0.0,0.0,0.0,0.0,0.0,0.0
F,B,109,0.0,0.0,0.0,0.0,0.0,0.0,0.0,0.0,0.0,0.0,0.0,0.0,0.0,0.0,0.0,0.0,0.0,0.0,0.0,0.0
R,B,110,0.0,0.0,0.0,0.0,0.0,0.0,0.0,0.0,0.0,0.0,0.0,0.0,0.0,0.0,0.0,0.0,0.0,0.0,0.0,0.0
L,B,111,0.0,0.0,0.0,0.0,0.0,0.0,0.0,0.0,0.0,0.0,0.0,0.0,0.0,0.0,0.0,0.0,0.0,0.0,0.0,0.0
G,B,112,0.0,0.0,0.0,0.0,0.0,0.0,0.0,0.0,0.0,0.0,0.0,0.0,0.0,0.0,0.0,0.0,0.0,0.0,0.0,0.0
F,B,113,0.0,0.0,0.0,0.0,0.0,0.0,0.0,0.0,0.0,0.0,0.0,0.0,0.0,0.0,0.0,0.0,0.0,0.00308,0.00154,0.0
L,B,114,0.0,0.0,0.0,0.0,0.0,0.0,0.0,0.0,0.0,0.0,0.0,0.0,0.0,0.0,0.0,0.0,0.0,0.0,0.0,0.0
H,B,115,0.0,0.0,0.0,0.0,0.0,0.0,0.0,0.0,0.0,0.0,0.0,0.0,2e-05,0.0,0.0,0.0,0.0,0.0,0.0,0.0
S,B,116,0.0,0.0,0.0,0.0,2e-05,0.0,0.0,0.0,0.0,0.0,0.0,0.0,-0.00252,0.0,0.0,0.0,0.0,0.0,0.0,0.0
G,B,117,0.0,0.0,0.0,0.0,0.0,0.0,0.0,0.0,0.0,0.0,0.0,0.0,0.0,0.0,0.0,-0.00518,-0.00324,0.0,-8e-05,0.0
T,B,118,0.00974,0.00313,0.0,-0.01279,-0.00029,0.01003,-0.00134,-2e-05,0.00562,0.00878,0.0,-0.0005,-0.02725,0.0,-0.00524,-0.08793,-0.04404,0.09842,0.08902,0.00052
A,B,119,-0.1074,0.0,0.21583,0.13854,0.27277,0.03603,0.01972,0.03682,-0.01562,-0.38715,-0.13954,-0.49231,-0.00461,-0.31216,0.06696,0.03036,0.02455,0.02502,-0.51132,-0.2518
K,B,120,1.78686,1.4653,0.96732,0.69935,0.96183,0.77319,0.22048,0.49958,2.22347,0.85366,0.34021,0.96021,-0.26135,1.66697,1.3183,1.95015,1.55655,-0.04293,0.77081,1.54314
S,B,121,0.04012,0.02799,0.24039,-0.20556,0.00178,-0.92193,-1.11418,-0.71421,0.0004,0.00051,0.29711,0.01829,-0.02693,0.42493,-0.426,0.48555,0.04219,-0.10307,-0.78708,0.122
V,B,122,-0.01261,-0.00528,0.0,-0.01261,0.0,-0.01272,-0.01261,-0.01261,0.1131,0.00031,-0.00734,-0.00011,0.04977,-0.01145,-0.01261,-0.0935,-0.0458,0.00405,0.00532,-0.01261
T,B,123,0.0,0.0,0.0,-4e-05,0.00394,-0.00146,-0.00243,0.0,0.0,0.0,0.0,0.00793,0.01067,0.0,0.00402,0.00217,-0.00353,0.00399,0.01602,-0.00526
C,B,124,0.0,0.0,0.0,0.0,0.0,0.0,0.0,0.00528,0.0,0.0,0.0,0.0,0.0,0.0,0.0,0.00294,-0.00241,0.00129,0.0,-0.00065
T,B,125,-1e-05,0.0,0.0,0.00043,0.0,-0.0112,-0.00784,0.02251,0.0,0.0,0.0,0.0,0.00286,-0.00042,0.00171,-0.23818,-0.15586,0.04209,0.01351,0.0
Y,B,126,0.0,0.0,0.0,0.0,0.0,0.0,0.0,0.0,0.0,0.0,0.0,0.0,0.0,0.0,0.0,-0.01576,-0.0019,0.00114,0.00229,0.0
S,B,127,0.00744,0.00384,0.03598,0.02558,0.0334,0.02825,0.04573,0.02501,0.00171,0.0,-0.00524,-0.00692,0.04534,0.01425,0.02883,-0.00631,-0.01532,0.03939,0.01257,0.0
P,B,128,0.0,0.0,0.0,0.0,0.0,0.0,0.0,0.0,0.0,0.0,0.0,0.0,0.0,0.0,0.0,0.0,0.0,0.0,0.0,0.0
A,B,129,0.0019,0.0,0.0,-0.00192,0.00178,-0.00716,-0.00123,-0.00149,-6e-05,0.0,0.0,0.0,-0.00519,0.0,-0.00145,-0.00489,-0.00282,-0.00013,0.00122,0.0
L,B,130,0.00185,-0.0008,0.0,0.0,0.00125,0.0,-0.00156,0.00345,-0.00065,0.00294,-8e-05,-0.00029,0.00234,0.0,0.0,-0.04461,-0.0364,0.03951,0.09391,0.0
N,B,131,0.0,0.0,0.0,0.0,0.0,0.0,0.0,0.0,0.0,0.0,0.0,0.0,0.0,0.0,0.0,-0.00465,0.0,0.0,0.0,0.0
K,B,132,0.36178,0.65131,0.78747,0.79343,0.59442,0.77319,0.62219,0.71504,0.77584,0.79622,0.73055,0.78202,0.7778,0.64578,0.02112,0.75997,0.33223,0.00038,0.26439,0.79403
M,B,133,-0.0003,0.0,0.0,0.0,0.0,0.0,0.0,0.0,0.0,0.0,0.0,0.0,0.0,0.0,0.0,-0.02507,-0.02398,0.00496,0.01358,0.0
F,B,134,0.23748,0.18965,0.10633,0.01576,0.03226,0.01984,0.00542,0.20944,0.20901,0.19088,0.11102,0.06213,0.50439,0.13935,0.09851,0.65828,0.49089,0.20599,0.26473,0.1654
C,B,135,0.00391,-0.00188,0.0,-0.00108,0.0,0.0,0.01866,0.00532,-0.01192,-0.00188,0.0,0.0,0.01518,0.0,0.00083,-0.06212,-0.04091,0.01611,0.03426,-0.00063
Q,B,136,-0.01351,-0.01075,0.02445,0.03749,0.01629,0.0086,0.20519,0.38508,-0.01152,-0.0102,-0.00218,-0.00045,0.29355,-0.00538,0.00043,-0.12842,-0.09953,0.07665,0.1764,-0.00901
L,B,137,-0.02389,-0.1956,-0.01807,0.00865,0.02699,-0.01775,0.13202,0.0768,0.06092,-0.02505,0.00713,-0.02124,0.1589,-0.01457,-0.00922,-0.0768,-0.0674,0.6092,0.361,0.14119
A,B,138,0.0,0.0,0.0,0.0,0.0,0.0,0.0,0.00802,0.00018,0.0,0.0,0.0,0.0,0.0,0.0,0.0,0.0,0.0,0.0,0.0
K,B,139,-0.00546,-0.00537,0.0,-0.00562,0.0,0.0,-0.0115,-0.00402,-0.02136,0.0,-0.0028,-0.01535,-0.00028,0.0,0.0,0.00079,-0.00529,0.00402,0.0,0.00123
T,B,140,0.0,0.0,0.0,0.0,0.0,0.0,-0.00128,0.00405,-0.00571,0.0,0.0,0.0,0.00024,0.0,0.0,0.0,0.02007,0.0,0.0,0.0
C,B,141,0.0,0.0,0.0,0.0,0.0,0.0,0.0,0.0,0.0,0.0,0.0,0.0,0.0,0.0,0.0,-0.01718,-0.0125,0.011,0.01818,0.0
P,B,142,0.0,0.0,0.0,0.0,0.0,0.0,0.0,0.0,0.0,0.0,0.0,0.0,0.0,0.0,0.0,0.0,0.0,0.0,0.0,0.0
V,B,143,0.0,0.0,0.0,0.0,0.0,0.0,0.0,0.0,0.0,0.0,0.0,0.0,0.0,0.0,0.0,0.0,0.0,0.00312,0.01175,0.0
Q,B,144,0.0,0.0,0.0,0.0,0.0,0.0,0.0,0.0,0.0,0.0,0.0,0.0,0.0,0.0,0.0,0.0,0.0,0.0,0.0,0.0
L,B,145,0.0,0.0,0.0,0.0,0.0,0.0,0.0,0.0,0.0,0.0,0.0,0.0,0.0,0.0,0.0,0.0,0.0,0.0,0.0,0.0
W,B,146,0.0,0.0,0.0,0.0,0.0,0.0,0.0,0.0,0.0,0.0,0.0,0.0,0.0,0.0,0.0,0.0,0.0,0.0,0.0,0.0
V,B,147,0.0,0.0,0.0,0.0,0.0,0.0,0.0,0.0,0.0,0.0,0.0,0.0,0.0,0.0,0.0,0.0,0.0,0.0,0.0,0.0
D,B,148,0.0,0.0,0.0,0.0,0.0,0.0,0.0,0.0,0.0,0.0,0.0,0.0,0.0,0.0,0.0,0.0,0.0,0.0,0.0,0.0
S,B,149,0.0,0.0,0.0,0.0,0.0,0.0,0.0,0.0,0.0,0.0,0.0,0.0,0.0,0.0,0.0,0.0,0.0,0.0,0.0,0.0
T,B,150,0.0,0.0,0.0,0.0,0.0,0.0,0.0,0.0,0.0,0.0,0.0,0.0,0.0,0.0,0.0,0.0,0.0,0.0,0.0,0.0
P,B,151,0.0,0.0,0.0,0.0,0.0,0.0,0.0,0.0,0.0,0.0,0.0,0.0,0.0,0.0,0.0,0.0,0.0,0.0,0.0,0.0
P,B,152,0.0,0.0,0.0,0.0,0.0,0.0,0.0,0.0,0.0,0.0,0.0,0.0,0.0,0.0,0.0,0.0,0.0,0.0,0.0,0.0
P,B,153,0.0,0.0,0.0,0.0,0.0,0.0,0.0,0.0,0.0,0.0,0.0,0.0,0.0,0.0,0.0,0.0,0.0,0.0,0.0,0.0
G,B,154,0.0,0.0,0.0,0.0,0.0,0.0,0.0,0.0,0.0,0.0,0.0,0.0,0.0,0.0,0.0,0.0,0.0,0.0,0.0,0.0
T,B,155,0.0,0.0,0.0,0.0,0.0,0.0,0.0,0.0,0.0,0.0,0.0,0.0,0.0,0.0,0.0,0.0,0.0,0.0,0.0,0.0
R,B,156,0.0,0.0,0.0,0.0,0.0,0.0,0.0,0.0,0.0,0.0,0.0,0.0,0.0,0.0,0.0,0.0,0.0,0.0,0.0,0.0
V,B,157,0.0,0.0,0.0,0.0,0.0,0.0,0.0,0.0,0.0,0.0,0.0,0.0,0.0,0.0,0.0,0.0,0.0,0.0,0.0,0.0
R,B,158,0.0,0.0,0.0,0.0,0.0,0.0,0.0,0.0,0.0,0.0,0.0,0.0,0.0,0.0,0.0,0.0,0.0,0.0,0.0,0.0
A,B,159,0.0,0.0,0.0,0.0,0.0,0.0,-6e-05,0.0,0.0,0.0,0.0,0.0,0.0,0.0,0.0,0.0,0.0,0.0,0.0,0.0
M,B,160,0.0,0.0,0.0,0.0,0.0,0.0,0.0,0.0,0.0,0.0,0.0,0.0,0.0,0.0,0.0,0.0,0.0,0.0,0.0,0.0
A,B,161,0.0,0.0,0.0,0.0,0.0,0.0,0.0,0.0,0.0,0.0,0.0,0.0,0.0,0.0,0.0,-0.01115,-0.00205,0.0,0.0,0.0
I,B,162,0.0,0.0,0.0,0.0,0.0,0.0,0.0,0.0,0.0,0.0,0.0,0.0,0.0,0.0,0.0,0.0,0.0,0.0,0.0,0.0
Y,B,163,0.00048,0.00025,0.00024,0.00049,0.00024,0.0,0.0,0.00036,0.00024,0.00048,0.00072,0.0,0.0,0.00053,-0.00024,-0.02457,-0.03138,0.00097,0.01445,0.00049
K,B,164,-0.00907,-0.01056,-0.01205,-0.02001,0.01196,-0.01782,-0.02001,-0.01673,-0.01874,-0.00943,-0.01358,-0.00892,-0.02072,-0.01602,-0.02144,-0.05189,-0.04888,-0.00024,0.01871,-0.01999
Q,B,165,0.0,0.0,0.0,0.0,0.0,0.0,0.0,0.0,0.0,-9e-05,0.0,0.0,0.0,0.0,0.0,-0.01641,-0.0391,0.02687,0.05555,0.0
S,B,166,0.0,0.0,0.0,0.0,0.0,0.0,0.0,0.0,0.0,0.0,0.0,0.0,0.0,0.0,0.0,0.0,0.0,0.0,0.0,0.0
Q,B,167,0.0,0.0,0.0,0.0,0.0,0.0,0.0,0.0,0.0,0.0,0.0,0.0,0.0,0.0,0.0,-0.00144,-0.00408,0.00201,0.00357,0.0
H,B,168,0.00024,0.0,0.0,0.0,-1e-05,0.0,0.0,0.0,0.0,0.0,0.0,0.0,0.0,0.0,0.0,-0.01027,-0.00349,0.00229,0.0045,0.0
M,B,169,0.0,0.0,0.0,0.0,0.0,0.0,0.0,0.0,0.0,0.0,0.0,0.0,0.0,0.0,0.0,0.0,0.0,0.0,0.0,0.0
T,B,170,-0.00024,0.0,0.0,0.0,0.0,0.0,0.0,0.0,0.0,0.0,0.0,0.0,0.0,0.0,0.0,0.0,0.0,0.0,0.0,0.0
E,B,171,0.00254,0.0023,0.00228,0.00252,0.00229,0.00205,0.00253,0.00205,0.00228,0.00205,0.00253,0.00253,0.00229,0.00252,0.00253,0.00241,-0.00025,0.00252,0.00254,0.00253
V,B,172,0.0,0.0,0.0,0.0,0.0,0.0,0.0,0.0,-0.00048,0.0,0.0,0.0,0.0,0.0,0.0,0.0,0.0,0.0,0.0,0.0
V,B,173,0.0,0.0,0.0,0.0,0.0,0.0,0.0,0.0,0.0,0.0,0.0,0.0,0.0,0.0,-0.00369,-0.02058,-0.01044,0.00536,-0.00024,0.0
R,B,174,0.0,0.0,0.0285,0.0,-0.0,0.0,0.0,0.0,0.0,-0.0001,0.0,0.0,0.00011,0.0,0.0,0.0,0.00024,0.0,0.0,0.0
R,B,175,0.0,0.0,0.0,0.0,0.0,0.0,0.0,0.0,0.0,0.0,0.0,0.0,0.01583,0.0,0.0,0.0,0.0,0.0,0.0,0.0
C,B,176,0.0,-0.08326,0.0,0.0,0.0,-0.16459,-0.23334,-0.23076,0.0,0.0,-0.1425,0.0,-0.25464,0.0,0.0,-0.00453,-0.0146,-0.08844,-0.17879,0.00653
P,B,177,0.0,0.0,0.0,0.0,0.0,0.0,0.0,0.0,0.0,0.0,0.0,0.0,0.0,0.0,0.0,0.0,0.0,0.0,0.0,0.0
H,B,178,0.0,0.0,0.0,0.0,0.0,0.18042,0.25098,0.18791,0.0,0.0,0.0,0.0,0.0,0.0,0.0,0.0,0.0,0.0,-0.06052,0.0
H,B,179,-3e-05,-0.005,-0.00204,-0.00125,0.0,0.0,-0.00114,-0.00266,0.0,-0.00269,-0.00197,-0.00653,0.00012,0.0,0.0,-0.00578,-0.00493,0.0,0.001,0.0
E,B,180,0.0,0.0,0.0,0.0,0.0,0.0,0.0,0.0,0.0,0.0,0.0,0.0,0.0,0.0,0.0,0.0,0.0,0.0,0.0,0.0
R,B,181,0.0,0.0,0.0,0.0,0.0,0.0,0.0,0.0,0.0,0.0,0.0,0.0,0.0,0.0,0.0,0.0,0.0,0.0,0.0,0.0
C,B,182,0.0,0.0,0.0,0.0,0.0,0.0,0.0,0.0,0.0,0.0,0.0,0.0,0.0,0.0,0.0,0.0,0.0,0.0,0.0,0.0
S,B,183,0.0,0.0,0.0,0.0,0.0,0.0,0.0,0.0,0.0,0.0,0.0,0.0,0.0,0.0,0.0,0.0,0.0,0.0,0.0,0.0
D,B,184,0.0,0.0,0.0,0.0,0.0,0.0,0.0,0.0,0.0,0.0,0.0,0.0,0.0,0.0,0.0,0.0,0.0,0.0,0.0,0.0
S,B,185,0.0,0.0,0.0,0.0,0.0,0.0,0.0,0.0,0.0,0.0,0.0,0.0,0.0,0.0,0.0,0.0,0.0,0.0,0.0,0.0
D,B,186,0.0,0.0,0.0,0.0,0.0,0.0,0.0,0.0,0.0,0.0,0.0,0.0,0.0,0.0,0.0,0.0,0.0,0.0,0.0,0.0
G,B,187,0.0,0.0,0.0,0.0,0.0,0.0,0.0,0.0,0.0,0.0,0.0,0.0,0.0,0.0,0.0,0.0,0.0,0.0,0.0,0.0
L,B,188,0.0,0.0,0.0,0.0,0.0,0.0,0.0,0.0,0.0,0.0,0.0,0.0,0.0,0.0,0.0,0.0,0.0,0.0,0.0,0.0
A,B,189,0.0,0.0,0.0,0.0,0.0,0.0,0.0,0.0,0.0,0.0,0.0,0.0,0.0,0.0,0.0,0.0,0.0,0.0,0.0,0.0
P,B,190,0.0,0.0,0.0,0.0,0.0,0.0,0.0,0.0,0.0,0.0,0.0,0.0,0.0,0.0,0.0,0.0,0.0,0.0,0.0,0.0
P,B,191,0.0,0.0,0.0,0.0,0.0,0.0,0.0,0.0,0.0,0.0,0.0,0.0,0.0,0.0,0.0,0.0,0.0,0.0,0.0,0.0
Q,B,192,0.0,0.0,0.0,0.0,0.0,0.0,0.0,0.0,0.0,0.0,0.0,0.0,0.0,0.0,0.0,0.0,0.0,0.0,0.0,0.0
H,B,193,0.0,0.0,0.0,0.0,0.0,0.0,0.0,0.0,0.0,0.0,0.0,0.0,0.0,0.0,0.0,0.0,0.0,0.0,0.0,0.0
L,B,194,0.0,0.0,0.0,0.0,0.0,0.0,-0.00339,0.00054,0.0,0.0,0.0,0.0,0.01172,0.0,1e-05,-0.01983,-0.0248,0.01702,0.02972,0.00404
I,B,195,0.0,0.0,0.0,0.0,0.0,0.0,0.0,0.0,0.0,0.0,0.0,0.0,0.0,0.0,0.0,0.0,0.0,0.0,0.0,0.0
R,B,196,0.0,0.0,0.0,0.0,0.0,0.0,0.0,0.0,0.0,0.0,0.0,0.0,0.0,0.0,0.0,0.0,0.0,0.0,0.0,0.0
V,B,197,0.0,0.0,0.0,0.0,0.0,0.0,0.0,0.0,0.0,0.0,0.0,0.0,0.0,0.0,0.0,0.0,0.0,0.0,0.0,0.0
E,B,198,0.0,0.0,0.0,0.0,0.0,0.0,0.0,0.0,0.0,0.0,0.0,0.0,0.0,0.0,0.0,0.0,0.0,0.0,0.0,0.0
G,B,199,0.0,0.0,0.0,0.0,0.0,0.0,0.0,0.0,0.0,0.0,0.0,0.0,0.0,0.0,0.0,0.0,0.0,0.0,0.0,0.0
N,B,200,0.0,0.0,0.0,0.0,0.0,0.0,0.0,0.0,0.0,0.0,0.0,0.0,0.0,0.0,0.0,0.0,0.0,0.0,0.0,0.0
L,B,201,0.0,0.0,0.0,0.0,0.0,0.0,0.0,0.0,0.0,0.0,0.0,0.0,0.0,0.0,0.0,0.0,0.0,0.0,0.0,0.0
R,B,202,0.0,0.0,0.0,0.0,0.0,0.0,0.0,0.0,0.0,0.0,0.0,0.0,0.0,0.0,0.0,0.0,0.0,0.0,0.0,0.0
V,B,203,0.0,0.0,0.0,0.0,0.0,0.0,0.0,0.0,0.0,0.0,0.0,0.0,0.0,0.0,0.0,0.0,0.0,0.0,0.0,0.0
E,B,204,0.0,0.0,0.0,0.0,0.0,0.0,0.0,0.0,0.0,0.0,0.0,0.0,0.0,0.0,0.0,0.0,0.0,0.0,0.0,0.0
Y,B,205,0.0,0.0,0.0,0.0,0.0,0.0,0.0,0.0,0.0,0.0,0.0,0.0,0.0,0.0,0.0,0.0,0.0,0.0,0.0,0.0
L,B,206,0.0,0.0,0.0,0.0,0.0,0.0,0.0,0.0,0.0,0.0,0.0,0.0,0.0,0.0,0.0,0.0,0.0,0.0,0.0,0.0
D,B,207,0.0,0.0,0.0,0.0,0.0,0.0,0.0,0.0,0.0,0.0,0.0,0.0,0.0,0.0,0.0,0.0,0.0,0.0,0.0,0.0
D,B,208,0.0,0.0,0.0,0.0,0.0,0.0,0.0,0.0,0.0,0.0,0.0,0.0,0.0,0.0,0.0,0.0,0.0,0.0,0.0,0.0
R,B,209,0.0,0.0,0.0,0.0,0.0,0.0,0.0,0.0,0.0,0.0,0.0,0.0,0.0,0.0,0.0,0.0,0.0,0.0,0.0,0.0
N,B,210,0.0,0.0,0.0,0.0,0.0,0.0,0.0,0.0,0.0,0.0,0.0,0.0,0.0,0.0,0.0,0.0,0.0,0.0,0.0,0.0
T,B,211,0.0,0.0,0.0,0.0,0.0,0.0,0.0,0.0,0.0,0.0,0.0,0.0,0.0,0.0,0.0,0.0,0.0,0.0,0.0,0.0
F,B,212,0.0,0.0,0.0,0.0,0.0,0.0,0.0,0.0,0.0,0.0,0.0,0.0,0.0,0.0,0.0,0.0,0.0,0.0,0.0,0.0
R,B,213,0.0,0.0,0.0,0.0,0.0,0.0,0.0,0.0,0.0,0.0,0.0,0.0,0.0,0.0,0.0,0.0,0.0,0.0,0.0,0.0
H,B,214,0.0,0.0,0.0,0.0,0.0,0.0,0.0,0.0,0.0,0.0,0.0,0.0,0.0,0.0,0.0,0.0,0.0,0.0,0.0,0.0
S,B,215,0.0,0.0,0.0,0.0,0.0,0.0,0.0,0.0,0.0,0.0,0.0,0.0,0.0,0.0,0.0,0.0,0.0,0.0,0.0,0.0
V,B,216,0.0,0.0,0.0,0.0,0.0,0.0,0.0,0.0,0.0,0.0,0.0,0.0,0.0,0.0,0.0,0.0,0.0,0.0,0.0,0.0
V,B,217,0.0,0.0,0.0,0.0,0.0,0.0,0.0,0.0,0.0,0.0,0.0,0.0,0.0,0.0,0.0,0.0,0.0,0.0,0.0,0.0
V,B,218,0.0,0.0,0.0,0.0,0.0,0.0,0.0,0.0,0.0,0.0,0.0,0.0,0.0,0.0,0.0,0.0,0.0,0.0,0.0,0.0
P,B,219,0.0,0.0,0.0,0.0,0.0,0.0,0.0,0.0,0.0,0.0,0.0,0.0,0.0,0.0,0.0,0.0,0.0,0.0,0.0,0.0
Y,B,220,0.0,0.0,0.0,0.0,0.0,0.0,0.0,0.0,0.0,0.0,0.0,0.0,0.0,0.0,0.0,0.0,0.0,0.0,0.0,0.0
E,B,221,0.0,0.0,0.0,0.0,0.0,0.0,0.0,0.0,0.0,0.0,0.0,0.0,0.0,0.0,0.0,0.0,0.0,0.0,0.0,0.0
P,B,222,0.0,0.0,0.0,0.0,0.0,0.0,0.0,0.0,0.0,0.0,0.0,0.0,0.0,0.0,0.0,0.0,0.0,0.0,0.0,0.0
P,B,223,0.0,0.0,0.0,0.0,0.0,0.0,0.0,0.0,0.0,0.0,0.0,0.0,0.0,0.0,0.0,0.0,0.0,0.0,0.0,0.0
E,B,224,0.0,0.0,0.0,0.0,0.0,0.0,0.0,0.0,0.0,0.0,0.0,0.0,0.0,0.0,0.0,0.0,0.0,0.0,0.0,0.0
V,B,225,0.0,0.0,0.0,0.0,0.0,0.0,0.0,0.0,0.0,0.0,0.0,0.0,0.0,0.0,0.0,0.0,0.0,0.0,0.0,0.0
G,B,226,0.0,0.0,0.0,0.0,0.0,0.0,0.0,0.0,0.0,0.0,0.0,0.0,0.0,0.0,0.0,0.0,0.0,0.0,0.0,0.0
S,B,227,0.0,0.0,0.0,0.0,0.0,0.0,0.0,0.0,0.0,0.0,0.0,0.0,0.0,0.0,0.0,0.0,0.0,0.0,0.0,0.0
D,B,228,0.0,0.0,0.0,0.0,0.0,0.0,0.0,0.0,0.0,0.0,0.0,0.0,0.0,0.0,0.0,0.0,0.0,0.0,0.0,0.0
C,B,229,0.0,0.0,0.0,0.0,0.0,0.0,0.0,0.0,0.0,0.0,0.0,0.0,0.0,0.0,0.0,0.0,0.0,0.0,0.0,0.0
T,B,230,0.0,0.0,0.0,0.0,0.0,0.0,0.0,0.0,0.0,0.0,0.0,0.0,0.0,0.0,0.0,0.0,0.0,0.0,0.0,0.0
T,B,231,0.0,0.0,0.0,0.0,0.0,0.0,0.0,0.0,0.0,0.0,0.0,0.0,0.0,0.0,0.0,0.0,0.0,0.0,0.0,0.0
I,B,232,0.0,0.0,0.0,0.0,0.0,0.0,0.0,0.0,0.0,0.0,0.0,0.0,0.0,0.0,0.0,0.0,0.0,0.0,0.0,0.0
H,B,233,0.0,0.0,0.0,0.0,0.0,0.0,0.0,0.0,0.0,0.0,0.0,0.0,0.0,0.0,0.0,0.0,0.0,0.0,0.0,0.0
Y,B,234,0.0,0.0,0.0,0.0,0.0,0.0,0.0,0.0,0.0,0.0,0.0,0.0,0.0,0.0,0.0,0.0,0.0,0.0,0.0,0.0
N,B,235,0.0,0.0,0.0,0.00398,0.00526,0.00526,-0.00128,0.00403,0.0,0.0,0.0,0.0,6e-05,0.0,0.0,0.0,0.0,0.0,0.0,0.0
Y,B,236,0.0,0.0,0.0,0.0,0.0,0.0,0.0,0.0,0.0,0.0,0.0,0.0,0.0,0.0,0.0,-0.02603,-0.0255,0.01153,0.01923,0.0
M,B,237,0.0,0.0,0.0,0.0,0.0,0.0,0.0,0.0,0.0,0.0,0.0,0.0,0.0,0.0,0.0,0.0,0.0,0.0,0.0,0.0
C,B,238,0.0,0.0,-0.0037,0.0,-0.0034,6e-05,0.00599,0.02348,0.0,1e-05,0.00549,0.0,0.00477,0.0,0.0009,-0.00939,-0.01375,0.01582,0.02056,0.0
N,B,239,-0.03156,-0.13779,-0.47412,-0.82152,0.29137,-1.18188,-0.71895,-0.4384,-0.14547,-0.45759,-0.5524,-0.17599,-0.49738,0.00184,0.33878,0.00612,0.47273,-0.15386,0.0805,-0.18548
S,B,240,0.1888,0.02979,0.05908,0.02699,0.10018,0.20699,1.58562,9.3103,0.23447,-0.0,-0.03143,0.00673,3.74323,-0.01535,0.0105,-0.10667,-0.08374,0.31154,0.78561,-0.06445
S,B,241,0.88351,0.52362,1.56494,0.06394,0.99642,-0.27406,-0.12674,-0.37936,1.72266,-0.00018,0.07906,0.54632,-0.01412,0.90796,0.69482,1.09239,0.94266,0.45181,0.69621,0.4443
C,B,242,0.04482,0.03002,0.00742,-0.02778,-0.05122,0.00678,0.05759,-0.12619,-0.00626,-0.0032,0.00692,7e-05,0.0571,-0.00314,0.05194,-0.04751,-0.01219,0.2458,0.19877,0.03813
M,B,243,0.27104,0.27297,0.28486,0.24803,0.3654,-0.0108,-0.23064,-0.43076,0.2642,0.2895,0.30881,0.30826,-0.07797,0.44286,0.2216,0.293,0.27929,0.17304,0.02539,0.59276
G,B,244,0.0,0.0,-0.1046,0.05207,-0.19763,-0.02709,-0.04599,-0.07132,-0.22878,0.0,0.0,-0.03147,-0.07433,0.0,0.0,-0.00097,-0.00977,-0.01914,0.0,-0.283
G,B,245,0.0,0.0,0.00838,0.00029,0.00706,0.0,0.00418,0.02138,0.0,0.0,0.0,0.0,0.00826,0.0,0.00087,-0.01582,-0.02201,0.01214,0.0037,0.0
M,B,246,-0.00174,-0.00163,0.00533,0.00139,0.00036,-0.0037,0.00643,0.00503,0.00768,0.00204,0.00695,-0.00163,-0.00105,-0.00534,0.00377,-0.03854,-0.03121,0.03893,0.19997,0.00926
N,B,247,-0.16194,-0.09691,-0.06389,-0.05824,-0.06263,-0.10008,0.03995,0.68238,-0.08432,-0.04055,-0.1079,-0.10008,-0.89571,-0.00258,-0.10008,0.04703,-0.04133,-0.1483,-0.2185,0.43989
R,B,248,0.32964,0.32613,0.4031,-0.2804,-0.04058,-0.64109,0.29193,-0.41403,0.3284,-0.43714,0.65495,-0.20003,-0.12293,-0.53945,-0.49203,0.92274,0.45545,0.01249,0.0,-0.55284
R,B,249,-0.01157,-0.01227,-0.01022,-0.00612,-0.00508,0.01889,0.02239,0.02422,0.01949,-0.01025,-0.01161,-0.01201,0.03232,0.00515,0.00484,-0.0307,-0.03986,0.00899,0.0,0.01808
P,B,250,-0.00053,0.0,-0.02626,-0.08336,-0.02637,-0.09166,-0.09123,-0.07419,0.0,-0.00898,-0.02694,-0.02375,0.11151,-0.00045,-0.00575,-0.11953,-0.10157,0.03783,0.1093,-0.08949
I,B,251,0.0,0.0,0.0,0.0,0.0,0.0003,-0.01513,0.06227,0.0,0.0,0.0,0.0,0.01357,0.0,-0.00153,-0.04614,-0.03397,0.03157,0.04409,-0.0065
L,B,252,-0.00016,-0.00244,0.00023,0.0,-0.00023,0.0,0.00444,0.00526,0.00321,0.01026,-0.0004,0.00025,0.00609,0.00025,0.0023,-0.01959,-0.00779,0.0,0.01233,0.00341
T,B,253,0.0,0.0,0.0,0.0,0.0,0.0,0.0,0.0,-0.00148,0.0,0.0,0.0,0.0,0.0,0.0,0.0,0.0,0.0,0.0023,0.0
I,B,254,0.0,0.0,0.0,0.0,0.0,0.0,0.0,0.0,0.0,0.0,0.0,0.0,0.0,0.0,0.0,0.0,0.0,0.0,0.0,0.0
I,B,255,0.0,0.0,0.0,0.0,0.0,0.0,0.0,0.0,0.0,0.0,0.0,0.0,0.0,0.0,0.0,0.0,0.0,0.0,0.0,0.0
T,B,256,0.0,0.0,0.0,0.0,0.0,0.0,0.0,0.0,0.0,0.0,0.0,0.0,0.0,0.0,0.0,0.0,0.0,0.0,0.0,0.0
L,B,257,0.0,0.0,0.0,0.0,0.0,0.0,0.0,0.0,0.0,0.0,0.0,0.0,0.0,0.0,0.0,0.0,0.0,0.0,0.0,0.0
E,B,258,0.0,0.0,0.0,0.0,0.0,0.0,0.0,0.0,0.0,0.0,0.0,0.0,0.0,0.0,0.0,0.0,0.0,0.0,0.0,0.0
D,B,259,0.0,0.0,0.0,0.0,0.0,0.0,0.0,0.0,0.0,0.0,0.0,0.0,0.0,0.0,0.0,0.0,0.0,0.0,0.0,0.0
S,B,260,0.0,0.0,0.0,0.0,0.0,0.0,0.0,0.0,0.0,0.0,0.0,0.0,0.0,0.0,0.0,0.0,0.0,0.0,0.0,0.0
S,B,261,0.0,0.0,0.0,0.0,0.0,0.0,0.0,0.0,0.0,0.0,0.0,0.0,0.0,0.0,0.0,0.0,0.0,0.0,0.0,0.0
G,B,262,0.0,0.0,0.0,0.0,0.0,0.0,0.0,0.0,0.0,0.0,0.0,0.0,0.0,0.0,0.0,0.0,0.0,0.0,0.0,0.0
N,B,263,0.0,0.0,0.0,0.0,0.0,0.0,0.0,0.0,0.0,0.0,0.0,0.0,0.0,0.0,0.0,0.0,0.0,0.0,0.0,0.0
L,B,264,0.0,0.0,0.0,0.0,0.0,0.0,0.0,0.0,0.0,0.0,0.0,0.0,0.0,0.0,0.0,0.0,0.0,0.0,0.0,0.0
L,B,265,0.0,0.0,0.0,0.0,0.0,0.0,0.0,0.0,0.0,0.0,0.0,0.0,0.0,0.0,0.0,0.0,0.0,0.0,0.0,0.0
G,B,266,0.0,0.0,0.0,0.0,0.0,0.0,0.0,0.0,0.0,0.0,0.0,0.0,0.0,0.0,0.0,0.0,0.0,0.0,0.0,0.0
R,B,267,0.0,0.0,0.0,0.0,0.0,0.0,0.0,0.0,0.0,0.0,0.0,0.0,0.0,0.0,0.0,0.0,0.0,0.0,0.0,0.0
N,B,268,0.0,0.0,0.0,0.0,0.0,0.0,0.0,0.0,0.0,0.0,0.0,0.0,0.0,0.0,0.0,0.0,0.0,0.0,0.0,0.0
S,B,269,0.0,0.0,0.0,0.0,-0.00014,0.0,0.0,0.0,0.0,0.0,0.0,0.0,0.0,0.0,0.0,0.0,0.0,0.0,0.00147,0.0
F,B,270,0.0,0.0,0.0,0.0,0.0,0.0,0.0,0.00061,0.0,0.0,0.0,0.0,0.0,0.0,0.0,-0.01252,-0.00485,0.00226,0.00817,0.0
E,B,271,0.12225,0.11004,0.07995,0.06708,0.07385,0.06972,0.08108,0.07453,0.07025,0.11136,0.07127,0.07389,0.06916,0.0762,0.08097,0.007,0.0,0.10264,0.11429,0.05691
V,B,272,0.01353,0.00667,-0.0,-0.00574,-0.00141,-0.01098,0.0072,0.00618,0.01463,0.01128,0.00244,0.01129,0.00825,-0.00225,-0.0095,-0.04152,-0.04041,0.01378,0.05179,0.00908
R,B,273,0.41666,0.40201,0.39156,0.57512,0.4634,0.6414,0.79645,1.24358,0.50395,0.42749,0.43388,0.34865,0.12178,0.52119,0.50284,0.52648,0.6581,0.38527,-0.02438,1.12626
V,B,274,0.03392,0.041,0.00018,-0.00528,0.02666,0.00256,0.00321,0.06142,0.07125,0.03666,0.02061,0.02642,-0.00477,-0.00085,-0.01082,-0.05758,-0.09072,0.04246,0.09834,0.00176
C,B,275,0.22522,-0.04631,0.41038,0.16933,0.86692,-0.4214,0.7119,2.58838,-0.0343,-0.02827,1.56221,-0.00015,3.04026,-0.00338,0.02142,-0.23866,-0.16096,2.10735,2.47287,0.34664
A,B,276,0.76769,0.0,0.002,-0.58938,-0.0161,-1.18119,-1.18192,-0.96665,7.61818,0.9602,1.02561,-0.0048,-0.9672,0.41536,0.09899,0.55595,0.31919,-1.00605,-0.58461,-0.10655
C,B,277,0.19574,0.06752,-0.23696,-0.03733,-0.03708,-0.60768,2.22822,3.41761,0.06572,0.15981,0.67159,-0.00151,1.19124,-0.84886,0.7267,-2.69328,-2.05424,1.18807,1.09823,2.29536
P,B,278,-0.0445,-0.04487,-0.05789,0.03248,-0.05035,0.04889,0.02255,0.03062,0.00123,-0.06592,-0.06323,-0.06147,0.01235,-0.03945,0.04946,-0.27676,-0.2444,0.06765,0.47491,0.04575
G,B,279,0.0,0.14126,0.34006,0.2161,0.36376,0.15142,0.47109,1.28288,0.21069,0.24276,0.32652,0.14073,0.73917,0.49453,0.32866,0.08113,-0.01656,0.61369,0.76913,1.0279
R,B,280,3.2148,3.10863,3.18497,2.7845,3.14112,2.53558,2.48038,2.50658,3.49378,3.08783,3.09087,3.01901,2.53342,2.9437,3.24462,2.96596,3.01195,3.1326,0.0,2.78953
D,B,281,1.48028,1.34716,1.2795,0.89843,1.0246,0.05653,0.08321,-0.22009,1.88295,1.36631,1.15013,1.31405,2.67937,0.60984,0.51972,-0.0009,-0.42108,1.62196,1.90636,0.00518
R,B,282,-0.02285,-0.0353,-0.06309,-0.04294,-0.03388,-0.02406,0.02974,-0.02922,-0.03699,-0.03655,-0.03535,-0.03501,0.03749,-0.04324,-0.0272,-0.15472,-0.17583,-0.01505,3e-05,-0.0227
R,B,283,-0.06112,-0.05629,8e-05,-0.05865,-0.06418,-0.03522,-0.03155,-0.08149,-0.10025,-0.06441,-0.02989,-0.07245,-0.08317,-0.04865,-0.11925,-0.25195,-0.23001,-0.04685,0.01253,-0.02595
T,B,284,-0.09496,-0.10888,-0.04749,-0.37285,-0.2425,-0.75065,-0.08057,-0.1606,-0.19542,-0.1176,0.00023,-0.18408,-0.37388,-0.18564,-0.23864,-0.33559,-0.53407,-0.29259,-0.44493,-0.35154
E,B,285,0.83455,0.8563,0.78293,0.85827,0.85977,0.83798,0.8488,0.85871,0.82973,0.80765,0.76561,0.81596,0.88712,0.79802,0.85191,0.69619,-0.00214,0.81643,0.83417,0.22346
E,B,286,0.04107,0.03556,0.04154,0.03769,0.04369,0.05311,0.03048,0.03707,0.04404,0.04478,0.03772,0.07596,0.05089,0.043,0.03288,0.0129,-0.00079,0.03626,0.04936,0.05284
E,B,287,0.11695,0.11771,0.07754,0.10452,0.06622,0.07234,0.15604,0.09175,0.09867,0.1426,0.12467,0.10171,0.13944,0.11169,0.11836,0.04009,0.0001,0.1217,0.19017,0.13294
N,B,288,-0.01852,-0.01911,-0.01911,0.08423,0.00742,0.01371,0.11106,-0.01877,0.01088,-0.01922,-0.02294,-0.01911,-0.01369,-0.00032,-0.01508,-0.06427,-0.11507,-0.40866,-0.63292,0.2839
L,B,289,0.0,0.0,0.0,0.0,0.0,-0.00901,0.0,0.0,0.0,-0.00487,0.0,0.0,0.0,0.0,0.0,-0.01506,-0.01839,0.008,0.03993,0.0
