Residue_name,Label
TB333,T333
NB334,N334
LB335,L335
CB336,C336
PB337,P337
FB338,F338
GB339,G339
EB340,E340
VB341,V341
FB342,F342
NB343,N343
AB344,A344
TB345,T345
RB346,R346
FB347,F347
AB348,A348
SB349,S349
VB350,V350
YB351,Y351
AB352,A352
WB353,W353
NB354,N354
RB355,R355
KB356,K356
RB357,R357
IB358,I358
SB359,S359
NB360,N360
CB361,C361
VB362,V362
AB363,A363
DB364,D364
YB365,Y365
SB366,S366
VB367,V367
LB368,L368
YB369,Y369
NB370,N370
SB371,S371
AB372,A372
SB373,S373
FB374,F374
SB375,S375
TB376,T376
FB377,F377
KB378,K378
CB379,C379
YB380,Y380
GB381,G381
VB382,V382
SB383,S383
PB384,P384
TB385,T385
KB386,K386
LB387,L387
NB388,N388
DB389,D389
LB390,L390
CB391,C391
FB392,F392
TB393,T393
NB394,N394
VB395,V395
YB396,Y396
AB397,A397
DB398,D398
SB399,S399
FB400,F400
VB401,V401
IB402,I402
RB403,R403
GB404,G404
DB405,D405
EB406,E406
VB407,V407
RB408,R408
QB409,Q409
IB410,I410
AB411,A411
PB412,P412
GB413,G413
QB414,Q414
TB415,T415
GB416,G416
KB417,K417
IB418,I418
AB419,A419
DB420,D420
YB421,Y421
NB422,N422
YB423,Y423
KB424,K424
LB425,L425
PB426,P426
DB427,D427
DB428,D428
FB429,F429
TB430,T430
GB431,G431
CB432,C432
VB433,V433
IB434,I434
AB435,A435
WB436,W436
NB437,N437
SB438,S438
NB439,N439
NB440,N440
LB441,L441
DB442,D442
SB443,S443
KB444,K444
VB445,V445
GB446,G446
GB447,G447
NB448,N448
YB449,Y449
NB450,N450
YB451,Y451
LB452,L452
YB453,Y453
RB454,R454
LB455,L455
FB456,F456
RB457,R457
KB458,K458
SB459,S459
NB460,N460
LB461,L461
KB462,K462
PB463,P463
FB464,F464
EB465,E465
RB466,R466
DB467,D467
IB468,I468
SB469,S469
TB470,T470
EB471,E471
IB472,I472
YB473,Y473
QB474,Q474
AB475,A475
GB476,G476
SB477,S477
TB478,T478
PB479,P479
CB480,C480
NB481,N481
GB482,G482
VB483,V483
EB484,E484
GB485,G485
FB486,F486
NB487,N487
CB488,C488
YB489,Y489
FB490,F490
PB491,P491
LB492,L492
QB493,Q493
SB494,S494
YB495,Y495
GB496,G496
FB497,F497
QB498,Q498
PB499,P499
TB500,T500
NB501,N501
GB502,G502
VB503,V503
GB504,G504
YB505,Y505
QB506,Q506
PB507,P507
YB508,Y508
RB509,R509
VB510,V510
VB511,V511
VB512,V512
LB513,L513
SB514,S514
FB515,F515
EB516,E516
LB517,L517
LB518,L518
HB519,H519
AB520,A520
PB521,P521
AB522,A522
TB523,T523
VB524,V524
CB525,C525
GB526,G526
PB527,P527
