Residue_name,Label
RA14,R14
RA15,R15
YA16,Y16
QA17,Q17
EA18,E18
DA19,D19
GA20,G20
FA21,F21
DA22,D22
LA23,L23
DA24,D24
LA25,L25
TA26,T26
YA27,Y27
IA28,I28
YA29,Y29
PA30,P30
NA31,N31
IA32,I32
IA33,I33
AA34,A34
MA35,M35
GA36,G36
FA37,F37
PA38,P38
AA39,A39
EA40,E40
RA41,R41
LA42,L42
EA43,E43
GA44,G44
VA45,V45
YA46,Y46
RA47,R47
NA48,N48
NA49,N49
IA50,I50
DA51,D51
DA52,D52
VA53,V53
VA54,V54
RA55,R55
FA56,F56
LA57,L57
DA58,D58
SA59,S59
KA60,K60
HA61,H61
KA62,K62
NA63,N63
HA64,H64
YA65,Y65
KA66,K66
IA67,I67
YA68,Y68
NA69,N69
LA70,L70
CA71,C71
AA72,A72
EA73,E73
RA74,R74
HA75,H75
YA76,Y76
DA77,D77
TA78,T78
AA79,A79
KA80,K80
FA81,F81
NA82,N82
CA83,C83
RA84,R84
VA85,V85
AA86,A86
QA87,Q87
YA88,Y88
PA89,P89
FA90,F90
EA91,E91
DA92,D92
HA93,H93
NA94,N94
PA95,P95
PA96,P96
QA97,Q97
LA98,L98
EA99,E99
LA100,L100
IA101,I101
KA102,K102
PA103,P103
FA104,F104
CA105,C105
EA106,E106
DA107,D107
LA108,L108
DA109,D109
QA110,Q110
WA111,W111
LA112,L112
SA113,S113
EA114,E114
DA115,D115
DA116,D116
NA117,N117
HA118,H118
VA119,V119
AA120,A120
AA121,A121
IA122,I122
HA123,H123
CA124,C124
KA125,K125
AA126,A126
GA127,G127
KA128,K128
GA129,G129
RA130,R130
TA131,T131
GA132,G132
VA133,V133
MA134,M134
IA135,I135
CA136,C136
AA137,A137
YA138,Y138
LA139,L139
LA140,L140
HA141,H141
RA142,R142
GA143,G143
KA144,K144
FA145,F145
LA146,L146
KA147,K147
AA148,A148
QA149,Q149
EA150,E150
AA151,A151
LA152,L152
DA153,D153
FA154,F154
YA155,Y155
GA156,G156
EA157,E157
VA158,V158
RA159,R159
TA160,T160
RA161,R161
DA162,D162
KA163,K163
KA164,K164
GA165,G165
VA166,V166
TA167,T167
IA168,I168
PA169,P169
SA170,S170
QA171,Q171
RA172,R172
RA173,R173
YA174,Y174
VA175,V175
YA176,Y176
YA177,Y177
YA178,Y178
SA179,S179
YA180,Y180
LA181,L181
LA182,L182
KA183,K183
NA184,N184
HA185,H185
LA186,L186
DA187,D187
YA188,Y188
RA189,R189
PA190,P190
VA191,V191
AA192,A192
LA193,L193
LA194,L194
FA195,F195
HA196,H196
KA197,K197
MA198,M198
MA199,M199
FA200,F200
EA201,E201
TA202,T202
IA203,I203
PA204,P204
MA205,M205
FA206,F206
SA207,S207
GA208,G208
GA209,G209
TA210,T210
CA211,C211
NA212,N212
PA213,P213
QA214,Q214
FA215,F215
VA216,V216
VA217,V217
CA218,C218
QA219,Q219
LA220,L220
KA221,K221
VA222,V222
KA223,K223
IA224,I224
YA225,Y225
SA226,S226
SA227,S227
NA228,N228
SA229,S229
GA230,G230
PA231,P231
TA232,T232
RA233,R233
RA234,R234
EA235,E235
DA236,D236
KA237,K237
FA238,F238
MA239,M239
YA240,Y240
FA241,F241
EA242,E242
FA243,F243
PA244,P244
QA245,Q245
PA246,P246
LA247,L247
PA248,P248
VA249,V249
CA250,C250
GA251,G251
DA252,D252
IA253,I253
KA254,K254
VA255,V255
EA256,E256
FA257,F257
FA258,F258
HA259,H259
KA260,K260
QA261,Q261
NA262,N262
KA263,K263
MA264,M264
LA265,L265
KA266,K266
KA267,K267
DA268,D268
KA269,K269
MA270,M270
FA271,F271
HA272,H272
FA273,F273
WA274,W274
VA275,V275
NA276,N276
TA277,T277
FA278,F278
FA279,F279
IA280,I280
PA281,P281
KA313,K313
EA314,E314
YA315,Y315
LA316,L316
VA317,V317
LA318,L318
TA319,T319
LA320,L320
TA321,T321
KA322,K322
NA323,N323
DA324,D324
LA325,L325
DA326,D326
KA327,K327
AA328,A328
NA329,N329
KA330,K330
DA331,D331
KA332,K332
AA333,A333
NA334,N334
RA335,R335
YA336,Y336
FA337,F337
SA338,S338
PA339,P339
NA340,N340
FA341,F341
KA342,K342
VA343,V343
KA344,K344
LA345,L345
YA346,Y346
FA347,F347
TA348,T348
KA349,K349
TA350,T350
VA351,V351
